{
    "$schema": "https://schema.management.azure.com/schemas/2019-04-01/deploymentTemplate.json#",
    "contentVersion": "1.0.0.0",
    "parameters": {
        "appServiceName": {
            "type": "string"
        },
        "appServicePlanName": {
            "type": "string"
        },
        "appServicePlanLocation": {
            "type": "string"
        },
        "appServicePlanSKUName": {
            "type": "string"
        },
        "servicePackageLink": {
            "type": "string"
        }
    },
    "variables": {},
    "resources": [
        {
            "type": "Microsoft.Web/serverfarms",
            "apiVersion": "2020-06-01",
            "name": "[parameters('appServicePlanName')]",
            "location": "[parameters('appServicePlanLocation')]",
            "sku": {
                "name": "[parameters('appServicePlanSKUName')]",
                "capacity": 1
            }
        },
        {
            "type": "Microsoft.Web/sites",
            "apiVersion": "2020-06-01",
            "name": "[parameters('appServiceName')]",
            "location": "[parameters('appServicePlanLocation')]",
            "dependsOn": [
                "[resourceId('Microsoft.Web/serverfarms', parameters('appServicePlanName'))]"
            ],
            "properties": {
                "serverFarmId": "[resourceId('Microsoft.Web/serverfarms', parameters('appServicePlanName'))]"
            },
            "resources": [
                {
                    "apiVersion": "2020-06-01",
                    "name": "MSDeploy",
                    "type": "extensions",
                    "dependsOn": [
                        "[resourceId('Microsoft.Web/sites', parameters('appServiceName'))]"
                    ],
                    "properties": {
                        "packageUri": "[parameters('servicePackageLink')]"
                    }
                }
            ]
        }
    ]
}