{
    "schema": "http://schema.express.azure.com/schemas/2015-01-01-alpha/ServiceModel.json",
    "contentVersion": "1.0.0.0",
    "ServiceMetadata": {
      "ServiceGroup": "Microsoft.Azure.CosmosDB",
      "Environment": "Prod"
    },
    "ServiceResourceGroupDefinitions": [
      {
        "Name": "Backend",
        "ServiceResourceDefinitions": [
          {
            "Name": "BackendInstance",
            "ArmTemplatePath": "Templates\\AppService.Template.json"
          }
        ]
      }
    ],
    "ServiceResourceGroups": [
      {
        "AzureResourceGroupName": "cosmos-db-portal-backend-mpac-westus2",
        "Location": "West US 2",
        "InstanceOf": "Backend",
        "AzureSubscriptionId": "dd8eb090-14d0-429b-a8f2-68548d399595",
        "ServiceResources": [
          {
            "Name": "cosmos-db-portal-backend-mpac-westus2",
            "InstanceOf": "BackendInstance",
            "ArmParametersPath": "Environments\\MPAC\\WestUS2\\AppService.Template.Parameters.json"
          }
        ]
      }
    ]
  }